{
  "bindcraft": {
    "iptm": {
      "mean": 0.6336096326510111,
      "std": 0.21471449476545676,
      "median": 0.5930723994970322,
      "min": 0.4137646973133088,
      "max": 0.9045067429542542,
      "n": 6
    },
    "ipae": {
      "mean": 14.569392522176107,
      "std": 4.837812116284381,
      "median": 15.931093168258666,
      "min": 7.035347938537598,
      "max": 19.349079608917236,
      "n": 6
    },
    "pae_bt": {
      "mean": 13.288087654113768,
      "std": 5.080682991762633,
      "median": 14.360796833038329,
      "min": 5.791065216064453,
      "max": 18.38804988861084,
      "n": 6
    },
    "pae_tb": {
      "mean": 15.850697390238444,
      "std": 4.657343124010465,
      "median": 17.501389503479004,
      "min": 8.279630661010742,
      "max": 20.310109329223632,
      "n": 6
    },
    "pae_bb": {
      "mean": 4.297158916791281,
      "std": 2.1952618497118466,
      "median": 3.83507182598114,
      "min": 2.172314643859864,
      "max": 6.826771068572998,
      "n": 6
    },
    "plddt_binder_mean": {
      "mean": 0.707969761888186,
      "std": 0.09538725884980802,
      "median": 0.7149822533130645,
      "min": 0.6064184308052063,
      "max": 0.8074901700019836,
      "n": 6
    },
    "plddt_binder_min": {
      "mean": 0.4847438166538874,
      "std": 0.10577824961717111,
      "median": 0.4419499337673187,
      "min": 0.4141702055931091,
      "max": 0.6889321804046631,
      "n": 6
    },
    "plddt_target_mean": {
      "mean": 0.47966886262098946,
      "std": 0.031441561737042635,
      "median": 0.4658480703830719,
      "min": 0.4523059964179993,
      "max": 0.5334046483039856,
      "n": 6
    },
    "bt_ipsae": {
      "mean": 0.5848000836041239,
      "std": 0.05560895649021765,
      "median": 0.5815603559215863,
      "min": 0.5047702093919119,
      "max": 0.6607998013496399,
      "n": 6
    },
    "tb_ipsae": {
      "mean": 0.8454258789618811,
      "std": 0.029737391816804556,
      "median": 0.8540829668442408,
      "min": 0.8006812234719595,
      "max": 0.8839502334594727,
      "n": 6
    },
    "ipsae_min": {
      "mean": 0.5848000836041239,
      "std": 0.05560895649021765,
      "median": 0.5815603559215863,
      "min": 0.5047702093919119,
      "max": 0.6607998013496399,
      "n": 6
    },
    "binder_ptm": {
      "mean": 0.9584425919585757,
      "std": 0.0053886874626048195,
      "median": 0.9598973592122395,
      "min": 0.9496825138727824,
      "max": 0.9639859298865,
      "n": 6
    },
    "intra_contact": {
      "mean": -6.013525724411011,
      "std": 0.14144471428964808,
      "median": -6.064496278762817,
      "min": -6.1512556076049805,
      "max": -5.81685733795166,
      "n": 6
    },
    "target_contact": {
      "mean": -2.5681796868642173,
      "std": 0.5262966378693171,
      "median": -2.6414856910705566,
      "min": -3.1338589191436768,
      "max": -1.938557744026184,
      "n": 6
    },
    "pTMEnergy": {
      "mean": -3.0953732795185513,
      "std": 0.0996841035515463,
      "median": -3.1226938764254255,
      "min": -3.2168620427449546,
      "max": -2.9593022664388022,
      "n": 6
    },
    "af2_bt_ipsae": {
      "mean": 0.0072963113000799424,
      "std": 0.0006897400518210574,
      "median": 0.007197363862092822,
      "min": 0.006661388648194057,
      "max": 0.008030181389952946,
      "n": 3
    },
    "af2_tb_ipsae": {
      "mean": 0.006542839727062662,
      "std": 0.0003484608214762946,
      "median": 0.00634236395981411,
      "min": 0.006340948426125909,
      "max": 0.006945206795247967,
      "n": 3
    },
    "af2_ipsae_min": {
      "mean": 0.006542839727062662,
      "std": 0.0003484608214762946,
      "median": 0.00634236395981411,
      "min": 0.006340948426125909,
      "max": 0.006945206795247967,
      "n": 3
    }
  },
  "boltzgen": {
    "iptm": {
      "mean": 0.6241414318978786,
      "std": 0.21188934216882707,
      "median": 0.6563760638237,
      "min": 0.271809458732605,
      "max": 0.9317298531532288,
      "n": 50
    },
    "ipae": {
      "mean": 16.798021271705625,
      "std": 4.222922548472393,
      "median": 17.30553650856018,
      "min": 8.275033235549927,
      "max": 24.280939674377443,
      "n": 50
    },
    "pae_bt": {
      "mean": 14.520506570816043,
      "std": 4.3914662069166175,
      "median": 15.171023845672607,
      "min": 6.098901271820068,
      "max": 23.665979385375977,
      "n": 50
    },
    "pae_tb": {
      "mean": 19.075535972595215,
      "std": 4.119807776139197,
      "median": 19.68998432159424,
      "min": 10.451165199279783,
      "max": 25.88300895690918,
      "n": 50
    },
    "pae_bb": {
      "mean": 3.144335154533386,
      "std": 2.1718929902478195,
      "median": 2.405703067779541,
      "min": 1.413952350616455,
      "max": 10.657480239868164,
      "n": 50
    },
    "plddt_binder_mean": {
      "mean": 0.8403511831760406,
      "std": 0.06648308674730209,
      "median": 0.8643285036087036,
      "min": 0.6338158845901489,
      "max": 0.909854507446289,
      "n": 50
    },
    "plddt_binder_min": {
      "mean": 0.520292029619217,
      "std": 0.09937359924669073,
      "median": 0.5357620716094971,
      "min": 0.2597789764404297,
      "max": 0.7129778861999512,
      "n": 50
    },
    "plddt_target_mean": {
      "mean": 0.4309820500612258,
      "std": 0.04815868185214159,
      "median": 0.4235473871231079,
      "min": 0.3593935072422027,
      "max": 0.5533330798149109,
      "n": 50
    },
    "bt_ipsae": {
      "mean": 0.4184629645198584,
      "std": 0.15118053346759724,
      "median": 0.4386318686107794,
      "min": 0.0904354676604271,
      "max": 0.6502333680788676,
      "n": 50
    },
    "tb_ipsae": {
      "mean": 0.4358514148990313,
      "std": 0.20004421017143714,
      "median": 0.43968206768234575,
      "min": 0.0670516242583592,
      "max": 0.8376129865646362,
      "n": 50
    },
    "ipsae_min": {
      "mean": 0.3664018292476733,
      "std": 0.15088450464153155,
      "median": 0.38825821255644166,
      "min": 0.0605356320738792,
      "max": 0.6248413423697153,
      "n": 50
    },
    "binder_ptm": {
      "mean": 0.9472662508487701,
      "std": 0.0478037130854166,
      "median": 0.9590557366609573,
      "min": 0.7459191878636678,
      "max": 0.9801280995210012,
      "n": 50
    },
    "intra_contact": {
      "mean": -2.5720181345939634,
      "std": 0.3641159056847882,
      "median": -2.470830202102661,
      "min": -3.231506109237671,
      "max": -1.855312824249268,
      "n": 50
    },
    "target_contact": {
      "mean": -3.736248335838318,
      "std": 0.6498268914526796,
      "median": -3.9021193981170654,
      "min": -4.666746616363525,
      "max": -2.142245054244995,
      "n": 50
    },
    "pTMEnergy": {
      "mean": -2.7687473034858705,
      "std": 0.1428152197841751,
      "median": -2.752178966999054,
      "min": -3.1851960023244223,
      "max": -2.5559297800064087,
      "n": 50
    },
    "af2_bt_ipsae": {
      "mean": 0.06954394402057053,
      "std": 0.12045364440235395,
      "median": 0.0,
      "min": 0.0,
      "max": 0.20863183206171157,
      "n": 3
    },
    "af2_tb_ipsae": {
      "mean": 0.16241710914864874,
      "std": 0.2813146850639195,
      "median": 0.0,
      "min": 0.0,
      "max": 0.4872513274459462,
      "n": 3
    },
    "af2_ipsae_min": {
      "mean": 0.06954394402057053,
      "std": 0.12045364440235395,
      "median": 0.0,
      "min": 0.0,
      "max": 0.20863183206171157,
      "n": 3
    }
  },
  "mosaic": {
    "iptm": {
      "mean": 0.7293857173124948,
      "std": 0.23868687355280466,
      "median": 0.8272694945335388,
      "min": 0.1743643581867218,
      "max": 0.9795789122581482,
      "n": 60
    },
    "ipae": {
      "mean": 12.509298467040063,
      "std": 5.667359973992419,
      "median": 12.355703353881836,
      "min": 2.3815839886665344,
      "max": 23.911062240600582,
      "n": 60
    },